USE [master]
GO
CREATE DATABASE [QLCuaHangTapHoa]
GO
USE [QLCuaHangTapHoa]
GO
CREATE TABLE [DANHMUC_SP]
(
	[MADM] CHAR(10) NOT NULL,
	[TENDM] NVARCHAR(50) NOT NULL,
	PRIMARY KEY ([MADM])
)

CREATE TABLE [SANPHAM]
(
	[MASP] CHAR(10) NOT NULL,
	[TENSP] NVARCHAR(50) NOT NULL,
	DonGia INTEGER NOT NULL,
	[MADM] CHAR(10) NOT NULL,
	[HANSD] DATE NOT NULL,
	[MOTA] NVARCHAR(50),
	[SL] INT NOT NULL,
	[DVT] NVARCHAR(50) NOT NULL,
PRIMARY KEY ([MASP])
) 
GO

CREATE TABLE [NHACC]
(
	[MANCC] CHAR(10) NOT NULL,
	[TENNCC] NVARCHAR(100) NOT NULL,
	[DIACHI] NVARCHAR(100),
	[SODT] CHAR(11),
PRIMARY KEY ([MANCC])
) 
GO

CREATE TABLE [PNHAP]
(
	[MAPN] CHAR(10) NOT NULL,
	[MANCC] CHAR(10) NOT NULL,
	[MANV] CHAR(10) NOT NULL,
	[NGAYNHAP] DATE NOT NULL,
PRIMARY KEY ([MAPN])
) 
GO

CREATE TABLE [DONGPNHAP]
(
	[MASP] CHAR(10) NOT NULL,
	[MAPN] CHAR(10) NOT NULL,
	[SOLUONGNHAP] INTEGER NOT NULL,
	[DONGIANHAP] INTEGER NOT NULL,
PRIMARY KEY ([MASP],[MAPN])
) 
GO

CREATE TABLE [PXUAT]
(
	[MAPX] CHAR(10) NOT NULL,
	[MAKH] CHAR(10) NOT NULL,
	[MANV] CHAR(10) NOT NULL,
	[NGAYXUAT] DATE NOT NULL,
PRIMARY KEY ([MAPX])
) 
GO

CREATE TABLE [DONGPXUAT]
(
	[MAPX] CHAR(10) NOT NULL,
	[MASP] CHAR(10) NOT NULL,
	[SOLUONGXUAT] INTEGER NOT NULL,
	[DONGIAXUAT] INTEGER NOT NULL,
PRIMARY KEY ([MAPX],[MASP])
) 
GO

CREATE TABLE [NHANVIEN]
(
	[MANV] CHAR(10) NOT NULL,
	[TENNV] NVARCHAR(25) NOT NULL,
	[GIOITNH] BIT,
	[SODT] CHAR(11),
	[DIACHI] NVARCHAR(100),
	[PASSWORD] NVARCHAR(20) NOT NULL,
	[STATUS] VARCHAR(20) NOT NULL,
PRIMARY KEY ([MANV])
) 
GO

CREATE TABLE [KHACHHANG]
(
	[MAKH] CHAR(10) NOT NULL,
	[TENKH] NVARCHAR(25) NOT NULL,
	[GIOITNH] BIT,
	[SDT] CHAR(11) NOT NULL,
PRIMARY KEY ([MAKH])
) 
GO

ALTER TABLE [SANPHAM] ADD  FOREIGN KEY([MADM]) REFERENCES [DANHMUC_SP] ([MADM])  ON UPDATE NO ACTION ON DELETE NO ACTION 
GO
ALTER TABLE [DONGPNHAP] ADD  FOREIGN KEY([MASP]) REFERENCES [SANPHAM] ([MASP])  ON UPDATE NO ACTION ON DELETE NO ACTION 
GO
ALTER TABLE [DONGPXUAT] ADD  FOREIGN KEY([MASP]) REFERENCES [SANPHAM] ([MASP])  ON UPDATE NO ACTION ON DELETE NO ACTION 
GO
ALTER TABLE [PNHAP] ADD  FOREIGN KEY([MANCC]) REFERENCES [NHACC] ([MANCC])  ON UPDATE NO ACTION ON DELETE NO ACTION 
GO
ALTER TABLE [DONGPNHAP] ADD  FOREIGN KEY([MAPN]) REFERENCES [PNHAP] ([MAPN])  ON UPDATE NO ACTION ON DELETE NO ACTION 
GO
ALTER TABLE [DONGPXUAT] ADD  FOREIGN KEY([MAPX]) REFERENCES [PXUAT] ([MAPX])  ON UPDATE NO ACTION ON DELETE NO ACTION 
GO
ALTER TABLE [PNHAP] ADD  FOREIGN KEY([MANV]) REFERENCES [NHANVIEN] ([MANV])  ON UPDATE NO ACTION ON DELETE NO ACTION 
GO
ALTER TABLE [PXUAT] ADD  FOREIGN KEY([MANV]) REFERENCES [NHANVIEN] ([MANV])  ON UPDATE NO ACTION ON DELETE NO ACTION 
GO
ALTER TABLE [PXUAT] ADD  FOREIGN KEY([MAKH]) REFERENCES [KHACHHANG] ([MAKH])  ON UPDATE NO ACTION ON DELETE NO ACTION 
GO

CREATE TRIGGER [dbo].[INSERTDONGPNHAP]
ON [dbo].[DONGPNHAP] AFTER INSERT
AS
BEGIN
	UPDATE SANPHAM SET SL=SL+(SELECT SOLUONGNHAP FROM inserted WHERE MASP=SANPHAM.MASP)
	FROM SANPHAM INNER JOIN inserted ON SANPHAM.MASP=inserted.MASP
END

GO

CREATE TRIGGER [dbo].[INSERTDONGPXUAT]
ON [dbo].[DONGPXUAT]
FOR INSERT
AS
BEGIN
	DECLARE @MASP CHAR(10)
	DECLARE @SOLUONGXUAT INT
	DECLARE @SL INT
	SELECT @MASP=MASP,@SOLUONGXUAT=SOLUONGXUAT FROM inserted
	SELECT @SL=SL FROM SANPHAM WHERE MASP=@MASP
	IF(@SL>=@SOLUONGXUAT)
		BEGIN
			UPDATE SANPHAM SET SL=SL-@SOLUONGXUAT WHERE MASP=@MASP
		END
	ELSE
		ROLLBACK TRANSACTION
END

GO

CREATE PROC SanPhamBanChayNhat
as
begin
	select DONGPXUAT.MASP,TENSP, sum(soluongxuat) as'SLBANRA' from SANPHAM inner join DONGPXUAT on DONGPXUAT.MASP=SANPHAM.MASP
	group by  DONGPXUAT.MASP,TENSP
	order by [SLBANRA] DESC
end
go
CREATE PROC SanPhamTonNhieuNhat
as
begin
	select MASP, TENSP, SL as'SLTON' from SANPHAM
	group by  MASP,TENSP , SL
	order by [SLTON] DESC
end
GO
CREATE PROC layraloaitaikhoan (@manv char(10))
as
begin
	select status from NHANVIEN where @manv=MANV
end
GO
INSERT INTO DANHMUC_SP VALUES('DM001',N'Đồ uống')
INSERT INTO DANHMUC_SP VALUES('DM002',N'Đồ ăn nhanh')
INSERT INTO DANHMUC_SP VALUES('DM003',N'Đồ ăn lạnh')
INSERT INTO DANHMUC_SP VALUES('DM004',N'Thực phẩm khô')
INSERT INTO DANHMUC_SP VALUES('DM005',N'Thực phẩm đóng hộp')
INSERT INTO DANHMUC_SP VALUES('DM006',N'Gia vị')
--INSERT NHANVIEN
INSERT INTO NHANVIEN VALUES('ADMIN',N'Trịnh Đình Hòa',1,'0334360521',N'Tuyên Quang','123','ADMIN')
INSERT INTO NHANVIEN VALUES('NV001',N'Tạ Văn Đạt',1,'0123242342',N'Hà Nội','123','NV')

--INSERT NHACC
INSERT INTO NHACC VALUES('01234',N'Nhà cung cấp A',N'Hà Nội','0123456798')
INSERT INTO NHACC VALUES('12345',N'Nhà cung cấp B',N'Hà Nội','0123456789')

--INSERT SANPHAM
INSERT INTO SANPHAM VALUES('SP0',N'Nước mắn Nam Ngư',1500,'DM006','08/10/2022',N'Sản phẩm cho nhà bếp',30,N'Chai')
INSERT INTO SANPHAM VALUES('SP1',N'Bim Bim',2000,'DM002','12/15/2021',N'Giòn tan trong miệng',40,N'Gói')

--INSERT KHACHHANG
INSERT INTO KHACHHANG VALUES('012',N'Khách hàng 1',1,'0396666666')
INSERT INTO KHACHHANG VALUES('123',N'Khách hàng 2',1,'0565555555')

--INSERT PNHAP
INSERT INTO PNHAP VALUES('PN0','01234','ADMIN','08/15/2021')
INSERT INTO PNHAP VALUES('PN1','12345','NV001','08/16/2021')

--INSERT DONGPNHAP
INSERT INTO DONGPNHAP VALUES('SP0','PN0',10,15000)
INSERT INTO DONGPNHAP VALUES('SP1','PN0',10,45000)
INSERT INTO DONGPNHAP VALUES('SP1','PN1',20,42000)

--INSERT PXUAT
INSERT INTO PXUAT VALUES('PX0','012','ADMIN','05/01/2021')
INSERT INTO PXUAT VALUES('PX1','123','NV001','01/28/2021')

--INSERT DONGPXUAT
INSERT INTO DONGPXUAT VALUES('PX0','SP0',1,16000)
INSERT INTO DONGPXUAT VALUES('PX0','SP1',1,50000)
INSERT INTO DONGPXUAT VALUES('PX1','SP0',5,16000)

